target,model,season,n_games,accuracy,log_loss,mae,ats_pct
h1_spread,elo,2017,267,,,7.8410015027613404,
h1_spread,elo,2018,267,,,8.894830217051611,
h1_spread,elo,2019,267,,,8.523821513813488,
h1_spread,elo,2020,269,,,8.69428336539548,
h1_spread,elo,2021,285,,,8.666965454843238,
h1_spread,elo,2022,284,,,7.8074967690438335,
h1_spread,elo,2023,285,,,8.441516600779435,
h1_spread,elo,2024,285,,,7.901723350547654,
h1_spread,elo,2025,285,,,7.621839938701342,
h1_spread,elo,2026,24,,,8.065648200737165,
h1_spread,home_team,2017,267,,,8.165538814679064,
h1_spread,home_team,2018,267,,,9.205713142104294,
h1_spread,home_team,2019,267,,,8.844651321941342,
h1_spread,home_team,2020,269,,,9.23941515588741,
h1_spread,home_team,2021,285,,,9.068076188015517,
h1_spread,home_team,2022,284,,,7.979889138999961,
h1_spread,home_team,2023,285,,,8.882517850346192,
h1_spread,home_team,2024,285,,,8.450514739964412,
h1_spread,home_team,2025,285,,,7.99521928526221,
h1_spread,home_team,2026,24,,,8.500684406482698,
h1_spread,lightgbm,2017,267,,,8.071567161184003,
h1_spread,lightgbm,2018,267,,,9.157106652089793,
h1_spread,lightgbm,2019,267,,,8.511413168965095,
h1_spread,lightgbm,2020,269,,,8.671287616029694,
h1_spread,lightgbm,2021,285,,,8.777813162459086,
h1_spread,lightgbm,2022,284,,,7.841997234800958,
h1_spread,lightgbm,2023,285,,,8.474863971047489,
h1_spread,lightgbm,2024,285,,,8.151957102815357,
h1_spread,lightgbm,2025,285,,,7.8371929868605195,
h1_spread,lightgbm,2026,24,,,7.998133518872197,
h1_spread,lightgbm_coherent,2017,267,,,8.071567161184003,
h1_spread,lightgbm_coherent,2018,267,,,9.157106652089793,
h1_spread,lightgbm_coherent,2019,267,,,8.511413168965095,
h1_spread,lightgbm_coherent,2020,269,,,8.671287616029694,
h1_spread,lightgbm_coherent,2021,285,,,8.777813162459086,
h1_spread,lightgbm_coherent,2022,284,,,7.841997234800958,
h1_spread,lightgbm_coherent,2023,285,,,8.474863971047489,
h1_spread,lightgbm_coherent,2024,285,,,8.151957102815357,
h1_spread,lightgbm_coherent,2025,285,,,7.8371929868605195,
h1_spread,lightgbm_coherent,2026,24,,,7.998133518872197,
h1_spread,lightgbm_plus_vegas,2017,267,,,8.118643612211395,
h1_spread,lightgbm_plus_vegas,2018,267,,,9.188123666856267,
h1_spread,lightgbm_plus_vegas,2019,267,,,8.464451907630497,
h1_spread,lightgbm_plus_vegas,2020,269,,,8.638509578672785,
h1_spread,lightgbm_plus_vegas,2021,285,,,8.76369494872035,
h1_spread,lightgbm_plus_vegas,2022,284,,,7.8024087669696005,
h1_spread,lightgbm_plus_vegas,2023,285,,,8.387811572787674,
h1_spread,lightgbm_plus_vegas,2024,285,,,8.032389776890474,
h1_spread,lightgbm_plus_vegas,2025,285,,,7.819528143748019,
h1_spread,lightgbm_plus_vegas,2026,24,,,7.6052822891862375,
h1_spread,linear,2017,267,,,7.926416944014809,
h1_spread,linear,2018,267,,,8.98130327157569,
h1_spread,linear,2019,267,,,8.58716707260974,
h1_spread,linear,2020,269,,,8.716480107727582,
h1_spread,linear,2021,285,,,8.818920798470012,
h1_spread,linear,2022,284,,,7.75488900410919,
h1_spread,linear,2023,285,,,8.39995342224762,
h1_spread,linear,2024,285,,,7.899758178832573,
h1_spread,linear,2025,285,,,7.8094216117835,
h1_spread,linear,2026,24,,,8.180897321668292,
h1_spread,linear_coherent,2017,267,,,7.926416944014809,
h1_spread,linear_coherent,2018,267,,,8.98130327157569,
h1_spread,linear_coherent,2019,267,,,8.58716707260974,
h1_spread,linear_coherent,2020,269,,,8.716480107727582,
h1_spread,linear_coherent,2021,285,,,8.818920798470012,
h1_spread,linear_coherent,2022,284,,,7.75488900410919,
h1_spread,linear_coherent,2023,285,,,8.39995342224762,
h1_spread,linear_coherent,2024,285,,,7.899758178832573,
h1_spread,linear_coherent,2025,285,,,7.8094216117835,
h1_spread,linear_coherent,2026,24,,,8.180897321668292,
h1_spread,linear_plus_vegas,2017,267,,,7.890587800029677,
h1_spread,linear_plus_vegas,2018,267,,,8.955935113693625,
h1_spread,linear_plus_vegas,2019,267,,,8.511914056923228,
h1_spread,linear_plus_vegas,2020,269,,,8.633164238712949,
h1_spread,linear_plus_vegas,2021,285,,,8.782966239048676,
h1_spread,linear_plus_vegas,2022,284,,,7.709913700852507,
h1_spread,linear_plus_vegas,2023,285,,,8.294581671716994,
h1_spread,linear_plus_vegas,2024,285,,,7.862547986418098,
h1_spread,linear_plus_vegas,2025,285,,,7.69201644535018,
h1_spread,linear_plus_vegas,2026,24,,,7.657746482023238,
h1_spread,vegas,2017,267,,,7.810271073851395,
h1_spread,vegas,2018,267,,,8.80786438202417,
h1_spread,vegas,2019,267,,,8.461216172831731,
h1_spread,vegas,2020,269,,,8.569898073056216,
h1_spread,vegas,2021,285,,,8.554345132246905,
h1_spread,vegas,2022,284,,,7.75293051047714,
h1_spread,vegas,2023,285,,,8.282059119110306,
h1_spread,vegas,2024,285,,,7.788906255625234,
h1_spread,vegas,2025,285,,,7.5012279309619165,
h1_spread,vegas,2026,24,,,7.446688273632173,
h1_total,elo,2017,267,,,7.199188610313165,
h1_total,elo,2018,267,,,7.768513776754523,
h1_total,elo,2019,267,,,7.081502223190178,
h1_total,elo,2020,269,,,7.007571655017058,
h1_total,elo,2021,285,,,7.239173311668528,
h1_total,elo,2022,284,,,7.314042539832471,
h1_total,elo,2023,285,,,6.662899014449245,
h1_total,elo,2024,285,,,7.154731880754553,
h1_total,elo,2025,285,,,7.341639306552377,
h1_total,elo,2026,24,,,9.04227913056616,
h1_total,home_team,2017,267,,,7.2162281750897925,
h1_total,home_team,2018,267,,,7.804905978903478,
h1_total,home_team,2019,267,,,7.025116760753928,
h1_total,home_team,2020,269,,,6.9987521680969325,
h1_total,home_team,2021,285,,,7.225123541691577,
h1_total,home_team,2022,284,,,7.3201225254000155,
h1_total,home_team,2023,285,,,6.667480505516003,
h1_total,home_team,2024,285,,,7.124845309793807,
h1_total,home_team,2025,285,,,7.341627947346935,
h1_total,home_team,2026,24,,,8.959811651335961,
h1_total,lightgbm,2017,267,,,7.688525162277534,
h1_total,lightgbm,2018,267,,,7.534172620352345,
h1_total,lightgbm,2019,267,,,7.473039421616099,
h1_total,lightgbm,2020,269,,,7.149287949230772,
h1_total,lightgbm,2021,285,,,7.368745129150775,
h1_total,lightgbm,2022,284,,,7.4571391681892765,
h1_total,lightgbm,2023,285,,,6.667720600506844,
h1_total,lightgbm,2024,285,,,7.148032378226068,
h1_total,lightgbm,2025,285,,,7.376764926196694,
h1_total,lightgbm,2026,24,,,9.219450178414517,
h1_total,lightgbm_coherent,2017,267,,,7.688525162277534,
h1_total,lightgbm_coherent,2018,267,,,7.534172620352345,
h1_total,lightgbm_coherent,2019,267,,,7.473039421616099,
h1_total,lightgbm_coherent,2020,269,,,7.149287949230772,
h1_total,lightgbm_coherent,2021,285,,,7.368745129150775,
h1_total,lightgbm_coherent,2022,284,,,7.4571391681892765,
h1_total,lightgbm_coherent,2023,285,,,6.667720600506844,
h1_total,lightgbm_coherent,2024,285,,,7.148032378226068,
h1_total,lightgbm_coherent,2025,285,,,7.376764926196694,
h1_total,lightgbm_coherent,2026,24,,,9.219450178414517,
h1_total,lightgbm_plus_vegas,2017,267,,,7.701453609521743,
h1_total,lightgbm_plus_vegas,2018,267,,,7.449763757800394,
h1_total,lightgbm_plus_vegas,2019,267,,,7.242003150852505,
h1_total,lightgbm_plus_vegas,2020,269,,,6.723463134555959,
h1_total,lightgbm_plus_vegas,2021,285,,,7.284581367129247,
h1_total,lightgbm_plus_vegas,2022,284,,,7.176289867271742,
h1_total,lightgbm_plus_vegas,2023,285,,,6.455029582409803,
h1_total,lightgbm_plus_vegas,2024,285,,,7.076788297021219,
h1_total,lightgbm_plus_vegas,2025,285,,,7.097119475005114,
h1_total,lightgbm_plus_vegas,2026,24,,,9.071935825366534,
h1_total,linear,2017,267,,,7.536384416138793,
h1_total,linear,2018,267,,,7.6629308816192285,
h1_total,linear,2019,267,,,7.355901546137319,
h1_total,linear,2020,269,,,7.001550219194884,
h1_total,linear,2021,285,,,7.404958348446525,
h1_total,linear,2022,284,,,7.216940070641459,
h1_total,linear,2023,285,,,6.575063592337253,
h1_total,linear,2024,285,,,7.269343077751913,
h1_total,linear,2025,285,,,7.333818895705225,
h1_total,linear,2026,24,,,9.040025324098382,
h1_total,linear_coherent,2017,267,,,7.536384416138793,
h1_total,linear_coherent,2018,267,,,7.6629308816192285,
h1_total,linear_coherent,2019,267,,,7.355901546137319,
h1_total,linear_coherent,2020,269,,,7.001550219194884,
h1_total,linear_coherent,2021,285,,,7.404958348446525,
h1_total,linear_coherent,2022,284,,,7.216940070641459,
h1_total,linear_coherent,2023,285,,,6.575063592337253,
h1_total,linear_coherent,2024,285,,,7.269343077751913,
h1_total,linear_coherent,2025,285,,,7.333818895705225,
h1_total,linear_coherent,2026,24,,,9.040025324098382,
h1_total,linear_plus_vegas,2017,267,,,7.44683006766292,
h1_total,linear_plus_vegas,2018,267,,,7.360198127729831,
h1_total,linear_plus_vegas,2019,267,,,7.121099173691705,
h1_total,linear_plus_vegas,2020,269,,,6.666660108413756,
h1_total,linear_plus_vegas,2021,285,,,7.214502583725098,
h1_total,linear_plus_vegas,2022,284,,,7.029417557507486,
h1_total,linear_plus_vegas,2023,285,,,6.400829101818773,
h1_total,linear_plus_vegas,2024,285,,,7.108293775095442,
h1_total,linear_plus_vegas,2025,285,,,6.99681067060032,
h1_total,linear_plus_vegas,2026,24,,,8.802937785592322,
h1_total,vegas,2017,267,,,7.099836755637669,
h1_total,vegas,2018,267,,,7.479215932672307,
h1_total,vegas,2019,267,,,6.937699733269647,
h1_total,vegas,2020,269,,,6.665119393189734,
h1_total,vegas,2021,285,,,7.0714650016126726,
h1_total,vegas,2022,284,,,6.895673058099399,
h1_total,vegas,2023,285,,,6.448212277306966,
h1_total,vegas,2024,285,,,6.9727425355757005,
h1_total,vegas,2025,285,,,7.047756845302006,
h1_total,vegas,2026,24,,,8.8692512577724,
h1_win,elo,2017,267,0.6265560165975104,0.6499124750659965,,
h1_win,elo,2018,267,0.6311475409836066,0.6428663176203334,,
h1_win,elo,2019,267,0.6169354838709677,0.6781056694496206,,
h1_win,elo,2020,269,0.5866141732283464,0.6595359279688846,,
h1_win,elo,2021,285,0.5886792452830188,0.6680624165607904,,
h1_win,elo,2022,284,0.5849802371541502,0.6847996008591892,,
h1_win,elo,2023,285,0.6188679245283019,0.6544700498296765,,
h1_win,elo,2024,285,0.6472727272727272,0.6530334092111733,,
h1_win,elo,2025,285,0.6053639846743295,0.662558103035704,,
h1_win,elo,2026,24,0.5217391304347826,0.6853235968099342,,
h1_win,home_team,2017,267,0.5809128630705395,0.6808478104630288,,
h1_win,home_team,2018,267,0.6147540983606558,0.6683228014452729,,
h1_win,home_team,2019,267,0.5241935483870968,0.700004799134693,,
h1_win,home_team,2020,269,0.5118110236220472,0.7008489598814613,,
h1_win,home_team,2021,285,0.5132075471698113,0.6980951519451052,,
h1_win,home_team,2022,284,0.541501976284585,0.6906521347769725,,
h1_win,home_team,2023,285,0.5283018867924528,0.6932047993995707,,
h1_win,home_team,2024,285,0.5527272727272727,0.6878691095850593,,
h1_win,home_team,2025,285,0.5632183908045977,0.6855390687775652,,
h1_win,home_team,2026,24,0.4782608695652174,0.7037807651491044,,
h1_win,lightgbm,2017,267,0.5643153526970954,0.6868265928109689,,
h1_win,lightgbm,2018,267,0.5860655737704918,0.6644411752370228,,
h1_win,lightgbm,2019,267,0.6048387096774194,0.6919675506315043,,
h1_win,lightgbm,2020,269,0.6377952755905512,0.6435688665994607,,
h1_win,lightgbm,2021,285,0.5735849056603773,0.6944127961133107,,
h1_win,lightgbm,2022,284,0.6126482213438735,0.6940005153104755,,
h1_win,lightgbm,2023,285,0.5924528301886792,0.669824698655707,,
h1_win,lightgbm,2024,285,0.5963636363636363,0.6764240291563614,,
h1_win,lightgbm,2025,285,0.5708812260536399,0.6788148849989789,,
h1_win,lightgbm,2026,24,0.391304347826087,0.6849501318798022,,
h1_win,lightgbm_coherent,2017,267,0.5643153526970954,0.9659047531281955,,
h1_win,lightgbm_coherent,2018,267,0.6516393442622951,0.7903954244317077,,
h1_win,lightgbm_coherent,2019,267,0.6048387096774194,0.8591232371624227,,
h1_win,lightgbm_coherent,2020,269,0.6456692913385826,0.770678269688653,,
h1_win,lightgbm_coherent,2021,285,0.5735849056603773,0.8190273848952544,,
h1_win,lightgbm_coherent,2022,284,0.5731225296442688,0.8107888701586278,,
h1_win,lightgbm_coherent,2023,285,0.6490566037735849,0.7327521189873015,,
h1_win,lightgbm_coherent,2024,285,0.6145454545454545,0.7561903547129624,,
h1_win,lightgbm_coherent,2025,285,0.5823754789272031,0.7594442060165377,,
h1_win,lightgbm_coherent,2026,24,0.4782608695652174,0.7956108331231198,,
h1_win,lightgbm_plus_vegas,2017,267,0.5809128630705395,0.6875663718435736,,
h1_win,lightgbm_plus_vegas,2018,267,0.6024590163934426,0.6718253570066847,,
h1_win,lightgbm_plus_vegas,2019,267,0.6209677419354839,0.6942119509884082,,
h1_win,lightgbm_plus_vegas,2020,269,0.6535433070866141,0.6391019915967884,,
h1_win,lightgbm_plus_vegas,2021,285,0.5849056603773585,0.6943012063048793,,
h1_win,lightgbm_plus_vegas,2022,284,0.5968379446640316,0.6883420867927507,,
h1_win,lightgbm_plus_vegas,2023,285,0.6452830188679245,0.6636858409292348,,
h1_win,lightgbm_plus_vegas,2024,285,0.5890909090909091,0.6669352140737224,,
h1_win,lightgbm_plus_vegas,2025,285,0.5747126436781609,0.6666241591391814,,
h1_win,lightgbm_plus_vegas,2026,24,0.6086956521739131,0.6243114534116054,,
h1_win,linear,2017,267,0.6182572614107884,0.6901292184910939,,
h1_win,linear,2018,267,0.6229508196721312,0.6471149624522105,,
h1_win,linear,2019,267,0.592741935483871,0.7013567879971727,,
h1_win,linear,2020,269,0.6259842519685039,0.6662710990815138,,
h1_win,linear,2021,285,0.5622641509433962,0.678988480716556,,
h1_win,linear,2022,284,0.5889328063241107,0.680277668861806,,
h1_win,linear,2023,285,0.6037735849056604,0.653290757910942,,
h1_win,linear,2024,285,0.5963636363636363,0.6603588633049091,,
h1_win,linear,2025,285,0.5823754789272031,0.6779004901149713,,
h1_win,linear,2026,24,0.5217391304347826,0.6902111392627324,,
h1_win,linear_coherent,2017,267,0.6141078838174274,0.6784590684981617,,
h1_win,linear_coherent,2018,267,0.639344262295082,0.6508601287688975,,
h1_win,linear_coherent,2019,267,0.5967741935483871,0.6925864850461471,,
h1_win,linear_coherent,2020,269,0.6023622047244095,0.6659397546350391,,
h1_win,linear_coherent,2021,285,0.5735849056603773,0.6831528666118284,,
h1_win,linear_coherent,2022,284,0.6126482213438735,0.6746516582132002,,
h1_win,linear_coherent,2023,285,0.6113207547169811,0.655509395980281,,
h1_win,linear_coherent,2024,285,0.6181818181818182,0.6604172311976971,,
h1_win,linear_coherent,2025,285,0.5823754789272031,0.6700804881020906,,
h1_win,linear_coherent,2026,24,0.4782608695652174,0.7061071072906693,,
h1_win,linear_plus_vegas,2017,267,0.6141078838174274,0.6896163996147101,,
h1_win,linear_plus_vegas,2018,267,0.6557377049180327,0.6406976559460253,,
h1_win,linear_plus_vegas,2019,267,0.6169354838709677,0.6983499320471667,,
h1_win,linear_plus_vegas,2020,269,0.6338582677165354,0.6581458522729793,,
h1_win,linear_plus_vegas,2021,285,0.5735849056603773,0.6773605468502326,,
h1_win,linear_plus_vegas,2022,284,0.5849802371541502,0.6757586891770159,,
h1_win,linear_plus_vegas,2023,285,0.6113207547169811,0.6446395932426123,,
h1_win,linear_plus_vegas,2024,285,0.6218181818181818,0.6535489570773592,,
h1_win,linear_plus_vegas,2025,285,0.6168582375478927,0.6669984019788796,,
h1_win,linear_plus_vegas,2026,24,0.6086956521739131,0.6450867071367893,,
h1_win,vegas,2017,267,0.6224066390041494,0.6441386945393816,,
h1_win,vegas,2018,267,0.6352459016393442,0.6285082937758923,,
h1_win,vegas,2019,267,0.5846774193548387,0.6668112411013525,,
h1_win,vegas,2020,269,0.6259842519685039,0.648603189064169,,
h1_win,vegas,2021,285,0.6037735849056604,0.6606882346756926,,
h1_win,vegas,2022,284,0.5810276679841897,0.6739895675987293,,
h1_win,vegas,2023,285,0.6792452830188679,0.6369659156608571,,
h1_win,vegas,2024,285,0.6290909090909091,0.6408817728935245,,
h1_win,vegas,2025,285,0.6206896551724138,0.6458475197704125,,
h1_win,vegas,2026,24,0.6521739130434783,0.6332365860525685,,
spread,elo,2017,267,,,10.617213457605045,0.5019305019305019
spread,elo,2018,267,,,10.276938698218176,0.5193798449612403
spread,elo,2019,267,,,10.487221019025307,0.4708171206225681
spread,elo,2020,269,,,9.998669426695926,0.5390334572490706
spread,elo,2021,285,,,11.149799575502717,0.49466192170818507
spread,elo,2022,284,,,9.067285373301408,0.4927007299270073
spread,elo,2023,285,,,10.492347666031737,0.46863468634686345
spread,elo,2024,285,,,10.129436976738802,0.501779359430605
spread,elo,2025,285,,,10.14549997843473,0.5070422535211268
spread,elo,2026,30,,,12.371947652669082,0.41379310344827586
spread,home_team,2017,267,,,11.437959037344028,0.4749034749034749
spread,home_team,2018,267,,,10.630094036928146,0.5310077519379846
spread,home_team,2019,267,,,11.602583246018764,0.5175097276264592
spread,home_team,2020,269,,,11.085505058507577,0.5576208178438662
spread,home_team,2021,285,,,12.037439711051341,0.5266903914590747
spread,home_team,2022,284,,,9.6047969463366,0.5291970802919708
spread,home_team,2023,285,,,11.104646482929539,0.4907749077490775
spread,home_team,2024,285,,,11.154156198980768,0.49110320284697506
spread,home_team,2025,285,,,11.001887146981078,0.5
spread,home_team,2026,30,,,12.425769442858044,0.4482758620689655
spread,lightgbm,2017,267,,,11.054289321686374,0.4864864864864865
spread,lightgbm,2018,267,,,10.510144417138568,0.47674418604651164
spread,lightgbm,2019,267,,,10.779419809360416,0.47470817120622566
spread,lightgbm,2020,269,,,10.27297088096302,0.5018587360594795
spread,lightgbm,2021,285,,,11.006311208264174,0.5409252669039146
spread,lightgbm,2022,284,,,9.278978850111248,0.5109489051094891
spread,lightgbm,2023,285,,,10.654792421376998,0.46494464944649444
spread,lightgbm,2024,285,,,10.243758436126093,0.5124555160142349
spread,lightgbm,2025,285,,,10.04094455384735,0.4788732394366197
spread,lightgbm,2026,30,,,12.004138356973236,0.5517241379310345
spread,lightgbm_coherent,2017,267,,,11.054289321686374,0.4864864864864865
spread,lightgbm_coherent,2018,267,,,10.510144417138568,0.47674418604651164
spread,lightgbm_coherent,2019,267,,,10.779419809360416,0.47470817120622566
spread,lightgbm_coherent,2020,269,,,10.27297088096302,0.5018587360594795
spread,lightgbm_coherent,2021,285,,,11.006311208264174,0.5409252669039146
spread,lightgbm_coherent,2022,284,,,9.278978850111248,0.5109489051094891
spread,lightgbm_coherent,2023,285,,,10.654792421376998,0.46494464944649444
spread,lightgbm_coherent,2024,285,,,10.243758436126093,0.5124555160142349
spread,lightgbm_coherent,2025,285,,,10.04094455384735,0.4788732394366197
spread,lightgbm_coherent,2026,30,,,12.004138356973236,0.5517241379310345
spread,lightgbm_plus_vegas,2017,267,,,10.696046229139831,0.47104247104247104
spread,lightgbm_plus_vegas,2018,267,,,10.5010572704802,0.45348837209302323
spread,lightgbm_plus_vegas,2019,267,,,10.430684100253279,0.5525291828793775
spread,lightgbm_plus_vegas,2020,269,,,9.931349351977783,0.5278810408921933
spread,lightgbm_plus_vegas,2021,285,,,10.685918569672717,0.5231316725978647
spread,lightgbm_plus_vegas,2022,284,,,9.053882885531634,0.5328467153284672
spread,lightgbm_plus_vegas,2023,285,,,10.462501213230476,0.4833948339483395
spread,lightgbm_plus_vegas,2024,285,,,9.967706153778934,0.47686832740213525
spread,lightgbm_plus_vegas,2025,285,,,9.72325596240238,0.5
spread,lightgbm_plus_vegas,2026,30,,,11.97211691403155,0.5172413793103449
spread,linear,2017,267,,,11.016978660316719,0.4864864864864865
spread,linear,2018,267,,,10.357061202394595,0.4883720930232558
spread,linear,2019,267,,,10.622640914298989,0.5136186770428015
spread,linear,2020,269,,,10.225096185836982,0.516728624535316
spread,linear,2021,285,,,10.924634942426577,0.5338078291814946
spread,linear,2022,284,,,9.149363662524221,0.5401459854014599
spread,linear,2023,285,,,10.45661299264589,0.5018450184501845
spread,linear,2024,285,,,10.09551820431143,0.5124555160142349
spread,linear,2025,285,,,10.007459938310738,0.5211267605633803
spread,linear,2026,30,,,12.533255581635725,0.5172413793103449
spread,linear_coherent,2017,267,,,11.016978660316719,0.4864864864864865
spread,linear_coherent,2018,267,,,10.357061202394595,0.4883720930232558
spread,linear_coherent,2019,267,,,10.622640914298989,0.5136186770428015
spread,linear_coherent,2020,269,,,10.225096185836982,0.516728624535316
spread,linear_coherent,2021,285,,,10.924634942426577,0.5338078291814946
spread,linear_coherent,2022,284,,,9.149363662524221,0.5401459854014599
spread,linear_coherent,2023,285,,,10.45661299264589,0.5018450184501845
spread,linear_coherent,2024,285,,,10.09551820431143,0.5124555160142349
spread,linear_coherent,2025,285,,,10.007459938310738,0.5211267605633803
spread,linear_coherent,2026,30,,,12.533255581635725,0.5172413793103449
spread,linear_plus_vegas,2017,267,,,10.642300958427583,0.4980694980694981
spread,linear_plus_vegas,2018,267,,,10.087563789249646,0.5387596899224806
spread,linear_plus_vegas,2019,267,,,10.254971312437096,0.5058365758754864
spread,linear_plus_vegas,2020,269,,,9.990101905078042,0.5204460966542751
spread,linear_plus_vegas,2021,285,,,10.568358176529872,0.5516014234875445
spread,linear_plus_vegas,2022,284,,,8.881502788693192,0.5109489051094891
spread,linear_plus_vegas,2023,285,,,10.130919957860518,0.5350553505535055
spread,linear_plus_vegas,2024,285,,,9.76825201816833,0.49466192170818507
spread,linear_plus_vegas,2025,285,,,9.694461107748902,0.5387323943661971
spread,linear_plus_vegas,2026,30,,,11.860091305765225,0.5862068965517241
spread,vegas,2017,267,,,10.08052434456929,0.4864864864864865
spread,vegas,2018,267,,,9.874531835205993,0.5271317829457365
spread,vegas,2019,267,,,10.176029962546817,0.5603112840466926
spread,vegas,2020,269,,,9.78996282527881,0.5055762081784386
spread,vegas,2021,285,,,10.666666666666666,0.5160142348754448
spread,vegas,2022,284,,,8.783450704225352,0.5072992700729927
spread,vegas,2023,285,,,9.98421052631579,0.5018450184501845
spread,vegas,2024,285,,,9.703508771929824,0.4804270462633452
spread,vegas,2025,285,,,9.670175438596491,0.49295774647887325
spread,vegas,2026,30,,,11.716666666666667,0.5172413793103449
total,elo,2017,267,,,11.511809739576032,
total,elo,2018,267,,,11.301811084196169,
total,elo,2019,267,,,11.170463717006015,
total,elo,2020,269,,,11.322009660038061,
total,elo,2021,285,,,11.109627971460549,
total,elo,2022,284,,,11.221947598395545,
total,elo,2023,285,,,10.931939799365573,
total,elo,2024,285,,,10.128393910061902,
total,elo,2025,285,,,10.989540295694704,
total,elo,2026,30,,,12.791687845920455,
total,home_team,2017,267,,,11.508792961446042,
total,home_team,2018,267,,,11.34994834415095,
total,home_team,2019,267,,,11.130770463714182,
total,home_team,2020,269,,,11.297369333382992,
total,home_team,2021,285,,,11.079552003602682,
total,home_team,2022,284,,,11.235779556505832,
total,home_team,2023,285,,,10.961731969380226,
total,home_team,2024,285,,,10.121922274228735,
total,home_team,2025,285,,,11.001621913516544,
total,home_team,2026,30,,,12.816075339465613,
total,lightgbm,2017,267,,,12.085516838689605,
total,lightgbm,2018,267,,,11.19602608283064,
total,lightgbm,2019,267,,,11.269283348873996,
total,lightgbm,2020,269,,,11.57759020378795,
total,lightgbm,2021,285,,,11.196297199542409,
total,lightgbm,2022,284,,,11.285113681175135,
total,lightgbm,2023,285,,,10.990043534050502,
total,lightgbm,2024,285,,,10.223984394335396,
total,lightgbm,2025,285,,,11.195878544495663,
total,lightgbm,2026,30,,,13.612930303240443,
total,lightgbm_coherent,2017,267,,,12.085516838689605,
total,lightgbm_coherent,2018,267,,,11.19602608283064,
total,lightgbm_coherent,2019,267,,,11.269283348873996,
total,lightgbm_coherent,2020,269,,,11.57759020378795,
total,lightgbm_coherent,2021,285,,,11.196297199542409,
total,lightgbm_coherent,2022,284,,,11.285113681175135,
total,lightgbm_coherent,2023,285,,,10.990043534050502,
total,lightgbm_coherent,2024,285,,,10.223984394335396,
total,lightgbm_coherent,2025,285,,,11.195878544495663,
total,lightgbm_coherent,2026,30,,,13.612930303240443,
total,lightgbm_plus_vegas,2017,267,,,11.822830407687158,
total,lightgbm_plus_vegas,2018,267,,,10.925640853980113,
total,lightgbm_plus_vegas,2019,267,,,11.17660933735635,
total,lightgbm_plus_vegas,2020,269,,,10.680999066182709,
total,lightgbm_plus_vegas,2021,285,,,11.115820824611061,
total,lightgbm_plus_vegas,2022,284,,,10.68921994945089,
total,lightgbm_plus_vegas,2023,285,,,10.206513596768255,
total,lightgbm_plus_vegas,2024,285,,,10.053466822815649,
total,lightgbm_plus_vegas,2025,285,,,10.623862225699476,
total,lightgbm_plus_vegas,2026,30,,,11.935510463688878,
total,linear,2017,267,,,11.99375982212472,
total,linear,2018,267,,,11.309132305123232,
total,linear,2019,267,,,11.473416802176807,
total,linear,2020,269,,,10.94622733337622,
total,linear,2021,285,,,11.081578892647913,
total,linear,2022,284,,,11.06526307550337,
total,linear,2023,285,,,10.755198966792324,
total,linear,2024,285,,,10.2842893877595,
total,linear,2025,285,,,10.99552038214423,
total,linear,2026,30,,,13.165074943221699,
total,linear_coherent,2017,267,,,11.99375982212472,
total,linear_coherent,2018,267,,,11.309132305123232,
total,linear_coherent,2019,267,,,11.473416802176807,
total,linear_coherent,2020,269,,,10.94622733337622,
total,linear_coherent,2021,285,,,11.081578892647913,
total,linear_coherent,2022,284,,,11.06526307550337,
total,linear_coherent,2023,285,,,10.755198966792324,
total,linear_coherent,2024,285,,,10.2842893877595,
total,linear_coherent,2025,285,,,10.99552038214423,
total,linear_coherent,2026,30,,,13.165074943221699,
total,linear_plus_vegas,2017,267,,,11.927708268844578,
total,linear_plus_vegas,2018,267,,,10.655070259191003,
total,linear_plus_vegas,2019,267,,,11.201166992608908,
total,linear_plus_vegas,2020,269,,,10.376550483780294,
total,linear_plus_vegas,2021,285,,,10.96220705120303,
total,linear_plus_vegas,2022,284,,,10.408921269006921,
total,linear_plus_vegas,2023,285,,,10.068501479303507,
total,linear_plus_vegas,2024,285,,,9.952915882545316,
total,linear_plus_vegas,2025,285,,,10.551295451565238,
total,linear_plus_vegas,2026,30,,,11.247045026274577,
total,vegas,2017,267,,,11.256554307116104,
total,vegas,2018,267,,,10.719101123595506,
total,vegas,2019,267,,,10.784644194756554,
total,vegas,2020,269,,,10.302973977695167,
total,vegas,2021,285,,,10.807017543859649,
total,vegas,2022,284,,,10.397887323943662,
total,vegas,2023,285,,,10.16842105263158,
total,vegas,2024,285,,,9.76842105263158,
total,vegas,2025,285,,,10.42280701754386,
total,vegas,2026,30,,,10.933333333333334,
win,elo,2017,267,0.6629213483146067,0.6234262145894403,,
win,elo,2018,267,0.6264150943396226,0.6344902124039249,,
win,elo,2019,267,0.6428571428571429,0.6394127555200715,,
win,elo,2020,269,0.6529850746268657,0.6208000390837718,,
win,elo,2021,285,0.6091549295774648,0.6537002807085979,,
win,elo,2022,284,0.6382978723404256,0.6358905243026388,,
win,elo,2023,285,0.6105263157894737,0.6575744184501757,,
win,elo,2024,285,0.6701754385964912,0.6118827355770382,,
win,elo,2025,285,0.6443661971830986,0.6358117520963709,,
win,elo,2026,30,0.6,0.6736568983584551,,
win,home_team,2017,267,0.5692883895131086,0.6840926480277572,,
win,home_team,2018,267,0.5962264150943396,0.6763131577520051,,
win,home_team,2019,267,0.5225563909774437,0.6968076421666888,,
win,home_team,2020,269,0.5,0.7002093876051765,,
win,home_team,2021,285,0.5176056338028169,0.694794293895185,,
win,home_team,2022,284,0.5673758865248227,0.6848852866064058,,
win,home_team,2023,285,0.5649122807017544,0.6852758808395605,,
win,home_team,2024,285,0.5473684210526316,0.6889392763809038,,
win,home_team,2025,285,0.5352112676056338,0.6913456595080195,,
win,home_team,2026,30,0.5,0.698256603142379,,
win,lightgbm,2017,267,0.6704119850187266,0.6456123233000443,,
win,lightgbm,2018,267,0.6566037735849056,0.6630703489093371,,
win,lightgbm,2019,267,0.6203007518796992,0.6618613749658125,,
win,lightgbm,2020,269,0.664179104477612,0.6100925604414851,,
win,lightgbm,2021,285,0.6267605633802817,0.6406751607058566,,
win,lightgbm,2022,284,0.624113475177305,0.6450685304640321,,
win,lightgbm,2023,285,0.6070175438596491,0.6823510883969236,,
win,lightgbm,2024,285,0.656140350877193,0.616419003647429,,
win,lightgbm,2025,285,0.6690140845070423,0.625549767523941,,
win,lightgbm,2026,30,0.4666666666666667,0.7068389630891382,,
win,lightgbm_coherent,2017,267,0.6666666666666666,0.829788002448769,,
win,lightgbm_coherent,2018,267,0.6528301886792452,0.7434737550334307,,
win,lightgbm_coherent,2019,267,0.6466165413533834,0.7653254129080267,,
win,lightgbm_coherent,2020,269,0.6455223880597015,0.6742371920453953,,
win,lightgbm_coherent,2021,285,0.6161971830985915,0.7239888199320612,,
win,lightgbm_coherent,2022,284,0.6382978723404256,0.6842641293303959,,
win,lightgbm_coherent,2023,285,0.631578947368421,0.7370925008823342,,
win,lightgbm_coherent,2024,285,0.6771929824561403,0.6422075902073016,,
win,lightgbm_coherent,2025,285,0.647887323943662,0.6578406084080967,,
win,lightgbm_coherent,2026,30,0.5666666666666667,0.7377201291216476,,
win,lightgbm_plus_vegas,2017,267,0.6554307116104869,0.6248456818005762,,
win,lightgbm_plus_vegas,2018,267,0.6415094339622641,0.6637899310267547,,
win,lightgbm_plus_vegas,2019,267,0.650375939849624,0.6394572092980455,,
win,lightgbm_plus_vegas,2020,269,0.6865671641791045,0.5830773178763995,,
win,lightgbm_plus_vegas,2021,285,0.6338028169014085,0.6221452374235927,,
win,lightgbm_plus_vegas,2022,284,0.6631205673758865,0.6234261813216057,,
win,lightgbm_plus_vegas,2023,285,0.624561403508772,0.6616992626694911,,
win,lightgbm_plus_vegas,2024,285,0.7087719298245614,0.5944423897599557,,
win,lightgbm_plus_vegas,2025,285,0.6549295774647887,0.6181900409271528,,
win,lightgbm_plus_vegas,2026,30,0.6,0.6847622806901156,,
win,linear,2017,267,0.6629213483146067,0.6397947916560646,,
win,linear,2018,267,0.6679245283018868,0.628880606326247,,
win,linear,2019,267,0.631578947368421,0.677075870904999,,
win,linear,2020,269,0.6529850746268657,0.6221401848561714,,
win,linear,2021,285,0.6373239436619719,0.6415820108306196,,
win,linear,2022,284,0.6453900709219859,0.6361817528486102,,
win,linear,2023,285,0.6175438596491228,0.668991465324312,,
win,linear,2024,285,0.6842105263157895,0.6163198127027161,,
win,linear,2025,285,0.6338028169014085,0.6244202826619164,,
win,linear,2026,30,0.43333333333333335,0.7259434920886385,,
win,linear_coherent,2017,267,0.6666666666666666,0.6454729603747296,,
win,linear_coherent,2018,267,0.6566037735849056,0.6168034977108284,,
win,linear_coherent,2019,267,0.6428571428571429,0.6655828269712207,,
win,linear_coherent,2020,269,0.6567164179104478,0.6207477181258376,,
win,linear_coherent,2021,285,0.6549295774647887,0.6481007881146778,,
win,linear_coherent,2022,284,0.6418439716312057,0.6336273198755168,,
win,linear_coherent,2023,285,0.6350877192982456,0.6567552845068598,,
win,linear_coherent,2024,285,0.6736842105263158,0.6116070444622849,,
win,linear_coherent,2025,285,0.6373239436619719,0.6254822622877819,,
win,linear_coherent,2026,30,0.5,0.7069379783716742,,
win,linear_plus_vegas,2017,267,0.6591760299625468,0.6237907720375957,,
win,linear_plus_vegas,2018,267,0.6792452830188679,0.6221921627854601,,
win,linear_plus_vegas,2019,267,0.6541353383458647,0.6571703438095456,,
win,linear_plus_vegas,2020,269,0.6902985074626866,0.5985473667396298,,
win,linear_plus_vegas,2021,285,0.6619718309859155,0.6205332029479476,,
win,linear_plus_vegas,2022,284,0.6843971631205674,0.6123589038134568,,
win,linear_plus_vegas,2023,285,0.6771929824561403,0.6435128463775676,,
win,linear_plus_vegas,2024,285,0.6947368421052632,0.5914649962659043,,
win,linear_plus_vegas,2025,285,0.6654929577464789,0.6100313650864347,,
win,linear_plus_vegas,2026,30,0.5666666666666667,0.6896335605485668,,
win,vegas,2017,267,0.6928838951310862,0.5935851457247915,,
win,vegas,2018,267,0.6566037735849056,0.613918140805531,,
win,vegas,2019,267,0.6428571428571429,0.6165443127223158,,
win,vegas,2020,269,0.6716417910447762,0.5896786298874639,,
win,vegas,2021,285,0.6232394366197183,0.625011685015173,,
win,vegas,2022,284,0.6631205673758865,0.6051160096037231,,
win,vegas,2023,285,0.6736842105263158,0.6235536632373683,,
win,vegas,2024,285,0.7052631578947368,0.588965174420032,,
win,vegas,2025,285,0.6584507042253521,0.6076846489723353,,
win,vegas,2026,30,0.7,0.6500786870355377,,
