model,season,n_games,accuracy,log_loss,spread_mae,ats_pct
elo,2017,267,0.6629213483146067,0.6234262145894403,10.617213457605045,0.5019305019305019
elo,2018,267,0.6264150943396226,0.6344902124039249,10.276938698218176,0.5193798449612403
elo,2019,267,0.6428571428571429,0.6394127555200715,10.487221019025307,0.4708171206225681
elo,2020,269,0.6529850746268657,0.6208000390837718,9.998669426695926,0.5390334572490706
elo,2021,285,0.6091549295774648,0.6537002807085979,11.149799575502717,0.49466192170818507
elo,2022,284,0.6382978723404256,0.6358905243026388,9.067285373301408,0.4927007299270073
elo,2023,285,0.6105263157894737,0.6575744184501757,10.492347666031737,0.46863468634686345
elo,2024,285,0.6701754385964912,0.6118827355770382,10.129436976738802,0.501779359430605
elo,2025,285,0.6443661971830986,0.6358117520963709,10.14549997843473,0.5070422535211268
elo,2026,30,0.6,0.6736568983584551,12.371947652669082,0.41379310344827586
home_team,2017,267,0.5692883895131086,0.6840926480277572,11.437959037344028,0.4749034749034749
home_team,2018,267,0.5962264150943396,0.6763131577520051,10.630094036928146,0.5310077519379846
home_team,2019,267,0.5225563909774437,0.6968076421666888,11.602583246018764,0.5175097276264592
home_team,2020,269,0.5,0.7002093876051765,11.085505058507577,0.5576208178438662
home_team,2021,285,0.5176056338028169,0.694794293895185,12.037439711051341,0.5266903914590747
home_team,2022,284,0.5673758865248227,0.6848852866064058,9.6047969463366,0.5291970802919708
home_team,2023,285,0.5649122807017544,0.6852758808395605,11.104646482929539,0.4907749077490775
home_team,2024,285,0.5473684210526316,0.6889392763809038,11.154156198980768,0.49110320284697506
home_team,2025,285,0.5352112676056338,0.6913456595080195,11.001887146981078,0.5
home_team,2026,30,0.5,0.698256603142379,12.425769442858044,0.4482758620689655
lightgbm,2017,267,0.6704119850187266,0.6456123233000443,11.054289321686374,0.4864864864864865
lightgbm,2018,267,0.6566037735849056,0.6630703489093371,10.510144417138568,0.47674418604651164
lightgbm,2019,267,0.6203007518796992,0.6618613749658125,10.779419809360416,0.47470817120622566
lightgbm,2020,269,0.664179104477612,0.6100925604414851,10.27297088096302,0.5018587360594795
lightgbm,2021,285,0.6267605633802817,0.6406751607058566,11.006311208264174,0.5409252669039146
lightgbm,2022,284,0.624113475177305,0.6450685304640321,9.278978850111248,0.5109489051094891
lightgbm,2023,285,0.6070175438596491,0.6823510883969236,10.654792421376998,0.46494464944649444
lightgbm,2024,285,0.656140350877193,0.616419003647429,10.243758436126093,0.5124555160142349
lightgbm,2025,285,0.6690140845070423,0.625549767523941,10.04094455384735,0.4788732394366197
lightgbm,2026,30,0.4666666666666667,0.7068389630891382,12.004138356973236,0.5517241379310345
lightgbm_plus_vegas,2017,267,0.6554307116104869,0.6248456818005762,10.696046229139831,0.47104247104247104
lightgbm_plus_vegas,2018,267,0.6415094339622641,0.6637899310267547,10.5010572704802,0.45348837209302323
lightgbm_plus_vegas,2019,267,0.650375939849624,0.6394572092980455,10.430684100253279,0.5525291828793775
lightgbm_plus_vegas,2020,269,0.6865671641791045,0.5830773178763995,9.931349351977783,0.5278810408921933
lightgbm_plus_vegas,2021,285,0.6338028169014085,0.6221452374235927,10.685918569672717,0.5231316725978647
lightgbm_plus_vegas,2022,284,0.6631205673758865,0.6234261813216057,9.053882885531634,0.5328467153284672
lightgbm_plus_vegas,2023,285,0.624561403508772,0.6616992626694911,10.462501213230476,0.4833948339483395
lightgbm_plus_vegas,2024,285,0.7087719298245614,0.5944423897599557,9.967706153778934,0.47686832740213525
lightgbm_plus_vegas,2025,285,0.6549295774647887,0.6181900409271528,9.72325596240238,0.5
lightgbm_plus_vegas,2026,30,0.6,0.6847622806901156,11.97211691403155,0.5172413793103449
linear,2017,267,0.6629213483146067,0.6397947916560646,11.016978660316719,0.4864864864864865
linear,2018,267,0.6679245283018868,0.628880606326247,10.357061202394595,0.4883720930232558
linear,2019,267,0.631578947368421,0.677075870904999,10.622640914298989,0.5136186770428015
linear,2020,269,0.6529850746268657,0.6221401848561714,10.225096185836982,0.516728624535316
linear,2021,285,0.6373239436619719,0.6415820108306196,10.924634942426577,0.5338078291814946
linear,2022,284,0.6453900709219859,0.6361817528486102,9.149363662524221,0.5401459854014599
linear,2023,285,0.6175438596491228,0.668991465324312,10.45661299264589,0.5018450184501845
linear,2024,285,0.6842105263157895,0.6163198127027161,10.09551820431143,0.5124555160142349
linear,2025,285,0.6338028169014085,0.6244202826619164,10.007459938310738,0.5211267605633803
linear,2026,30,0.43333333333333335,0.7259434920886385,12.533255581635725,0.5172413793103449
linear_plus_vegas,2017,267,0.6591760299625468,0.6237907720375957,10.642300958427583,0.4980694980694981
linear_plus_vegas,2018,267,0.6792452830188679,0.6221921627854601,10.087563789249646,0.5387596899224806
linear_plus_vegas,2019,267,0.6541353383458647,0.6571703438095456,10.254971312437096,0.5058365758754864
linear_plus_vegas,2020,269,0.6902985074626866,0.5985473667396298,9.990101905078042,0.5204460966542751
linear_plus_vegas,2021,285,0.6619718309859155,0.6205332029479476,10.568358176529872,0.5516014234875445
linear_plus_vegas,2022,284,0.6843971631205674,0.6123589038134568,8.881502788693192,0.5109489051094891
linear_plus_vegas,2023,285,0.6771929824561403,0.6435128463775676,10.130919957860518,0.5350553505535055
linear_plus_vegas,2024,285,0.6947368421052632,0.5914649962659043,9.76825201816833,0.49466192170818507
linear_plus_vegas,2025,285,0.6654929577464789,0.6100313650864347,9.694461107748902,0.5387323943661971
linear_plus_vegas,2026,30,0.5666666666666667,0.6896335605485668,11.860091305765225,0.5862068965517241
vegas,2017,267,0.6928838951310862,0.5935851457247915,10.08052434456929,0.4864864864864865
vegas,2018,267,0.6566037735849056,0.613918140805531,9.874531835205993,0.5271317829457365
vegas,2019,267,0.6428571428571429,0.6165443127223158,10.176029962546817,0.5603112840466926
vegas,2020,269,0.6716417910447762,0.5896786298874639,9.78996282527881,0.5055762081784386
vegas,2021,285,0.6232394366197183,0.625011685015173,10.666666666666666,0.5160142348754448
vegas,2022,284,0.6631205673758865,0.6051160096037231,8.783450704225352,0.5072992700729927
vegas,2023,285,0.6736842105263158,0.6235536632373683,9.98421052631579,0.5018450184501845
vegas,2024,285,0.7052631578947368,0.588965174420032,9.703508771929824,0.4804270462633452
vegas,2025,285,0.6584507042253521,0.6076846489723353,9.670175438596491,0.49295774647887325
vegas,2026,30,0.7,0.6500786870355377,11.716666666666667,0.5172413793103449
